title,content,分類
莫名被告妨害名譽,————最後更——————最近期末真的忙到瘋還沒有很空閒的時間來處理這件事：（警方已經有看到文章並打電話來致歉說會進行處份還有解釋他們無法查IP跟筆錄時的態度等等<U+22EF>等我忙完再看看決定要怎麼處理真的很謝謝大家的好意！讓我覺得很多人挺我：D心安了不少———更—————謝謝大家熱心的幫忙：D沒想到有這麼多人回覆我也沒有要把誰咬的死死的啦！只是在警方都沒有解釋清楚的情況用一些不太好的態度讓我很有壓力雖然對於警局可以抽菸和暫停錄影、未戴口罩這些事我還是不太解小弟我在前兩週收到警局的通知書上面寫著妨害名譽，我一頭霧水，所以想確認一下到底什麼事情以及身分我打到警局去問，警方只透露是關於臉書、謝xx先生的事但是小弟我住在遙遠的基隆要跑到高雄苓x分局做筆錄而且臉書已經超過一年沒有使用，怎麼會是我！https://i.imgur.com/0uIjCsB.jpg——到了做筆錄當天才是傻眼的開始為了配合筆錄的時間，怕塞車所以家人和我早上5:30從家裡出發到了警局發現大部分的警員都沒有戴口罩，真的防疫做太好了吧然後開始拿著一個別人的帳號問是不是我https://i.imgur.com/mPKulrh.jpg他說這隻帳號有在網路上和人發生爭執當下我整個傻眼，因為他臉書有兩個名字剛好第二個名字和我同名同姓但是完全不知道他是誰所以我問警察，你們是有查到他的Ip位子跟我相符，所以發通知書請我來嗎？他說不是，原來是因為他看到謝xx這隻帳號有發一些動漫的繪圖剛好我也喜歡畫圖，以前曾經有轉發別的知名繪師的圖所以把我們串在一起原來嫌疑犯是這樣的標準就能夠構成嗎那所有跟我同名同姓的人應該都需要到場說明把 中途他也在筆錄到一半，把錄影關掉，把我帶去旁邊的神明廳開始問我話，跟我借手機去看信箱和臉書，我以為他是在我面前用才借他結果拿到不知道哪裡一直看看了將近兩個小時，就不是我到底想要從裡面找到什麼？這些就算了他居然在我面前一直抽菸！！吃檳榔！我到底憑什麼要吸他的二手煙整個口罩都是煙味中間過程還有一些荒謬的事我就先略過最後要結束的時候他終於要準備去查Ip而且還是把我講的像真的犯人勸我趕快承認^ ^？,個人
總是一個人過節,26、27歲之後開始發現身邊的人來的很少，走的很多會講內心事的都是高中時代的朋友而且大家也有各自的事要忙，不常見面大學或是工作上認識的充其量只能偶爾吃個飯每年的十二月好像都特別感傷聖誕節、跨年這種會想跟特別的人一起過的節日我都是早早就睡了大家都有各自的局，沒有的也有另一半在身旁雖然這也許是人生常態好像也只能苦笑一下，安慰自己說說算了沒關係但看到社群軟體的動態或貼文還是不免感到失落啊所以說，人生就是變得越來越孤單的過程嗎？,個人
避嫌避到被絕交了怎麼辦...,"共同朋友帶來的後續和
男友知道後的反應在 B133
-----
我有個從幼稚園就認識的異性朋友
小學同校 國中同班 高中同校
到大學才去了不同城市
可能是因為太熟太熟了
除了國中短暫對他有過好感
後來真的都只是當成好朋友相處

彼此單身的時候我們常常一起去逛街打咖
假日也會一起去教堂
有什麼好笑或難過的事情 也都是第一時間想跟對方分享
因為家住的近
我們跟彼此家人也都很熟
國中有段時期甚至因為父母在創業沒空顧我
我放學都去他家蹭飯蹭了好長一段時間
但就算這麼親近 也從來沒有想過在一起
完全把對方當成家人相處


他從高中開始就女友換個不停
幾乎每任我都認識 也會一起出去玩
他異性緣非常好 空窗期都很短
交了女友還是會跟我分享有的沒的白痴梗圖和雜事
差別只有我們不會單獨出去跟講電話
每天還是會一起打遊戲開語音
他跟我的對話也都隨便他女友看的
有一任女友還會拿他手機跟我聊天
一直以來都沒什麼問題

今年年初我交了第一個男友
也是第一時間就跟他分享了我的喜悅
在跟男友曖昧過程也是他教了我很多技巧 才能順利跟男友發展
我也是男友的第一任
相較他交往過的女朋友們
男友對我佔有慾比較強 他不太能接受我有這麼要好的異性朋友
即使我們已經不打電話不出去甚至遊戲也不一起玩
今年幾乎只有回回限時動態和很偶爾聊天
男友好像還是有點在意 
而男友是個同性朋友超多異性朋友一個都沒有的人
所以他的價值觀裡就是覺得男生對女生好一定有別的目的
讓我在介紹他們認識或是跟男友溝通時都很困難

今年年中 朋友出了車禍
他住院期間我很想去探望 男友卻不希望我去
我只好把手作的點心和祝福卡片請他媽媽代為轉交
我覺得這件事可能對他有點影響吧
因為他後來密我說「哇都開刀了也見不到妳一面欸」

爆點就是聖誕節的時候
因為我們兩家都是很虔誠的天主教徒
所以很重視聖誕節
往年我都會親自做個蛋糕送去他家（哦忘記說我家是開糕點店的！）
但今年我就沒有做了改跟男友去吃聖誕大餐
只有簡短的跟他說聖誕快樂和跟他家人祝賀

然後聖誕節過完那天
我就收到了他傳的訊息
https://i.imgur.com/echY6y3.jpg


收到訊息的當下我正在男友家
所以我也不敢點開來回
後來偷偷跑去廁所看
當下心真的很難受很難受
回了他很長一大串
後來離開男友家馬上打給他
他也沒有接

昨天一直試著聯絡他
但都沒有回應
共同朋友跟我說 應該是氣話
也幫我去跟他講了我的想法

結果 今天早上
發現我被封鎖了
臉書 ig line 

我真的超崩潰
這一年以來其實我也很想改變男友的想法
但是他就是很堅持 不能有不必要的交集

很想問問大家...
是我做的太過火還是他反應太過度
我沒跟男友講這件事情
也不知道要不要跟他講
一直以來這段感情裡他都是比較強勢的人
我很珍惜他 但我也不想就這樣失去10多年的朋友...",朋友
這樣的小孩真的值得原諒嗎,"事情是這樣的，
今年先生問外甥11歲生日想要什麼禮物
外甥挑了兩款beats耳機，折扣後約6000元，
雖然覺得送小孩這麼昂貴的禮物有些太過，
可無奈是自己主動問的不好再要求他選別的禮物，
也就認命買了。

其中一款因台北門市跟網購都缺貨，我回到台南便立刻去門市買，買到同款後拍給小外甥看，卻被嫌棄不是最新款，問我如果有最新款可不可以換、感覺最新款比較好
https://i.imgur.com/WeAqJTT.jpg


另一款用網購的直接送到他們家，
結果戴上說會壓疼耳朵要求我辦理退貨，
然後就發生了如下的對話
https://i.imgur.com/NjaiyEJ.jpg
https://i.imgur.com/SaePBbD.jpg
https://i.imgur.com/B4MSGOc.jpg
紙箱弄丟了，
不願意配合在家等待收貨員取件，
還問我有沒有收貨員電話，
我怎麼可能有？_？我難道會通靈嗎？_？

而後在今天，我的忍耐到了極限
https://i.imgur.com/JEu0wLG.jpg
我沒有辦法理解，兩個耳機都是你選的，為什麼到最後都反悔要退貨？
還要求換禮物？現在收禮的人都那麼無理取鬧嗎？
事後先生立刻跟大姐爭執他們的不是，也告訴他們今後不會再給任何禮物，卻換來那臭小屁孩的種種謊言。
明明我在最初就告知他我買下耳機了，他卻欺騙自己媽媽不知道我已經買耳機了，被拆穿後還辯解他的意思是要我們別買新款。
甚至連一句道歉都沒有，就不停跟我先生索討之後的生日禮物。
種種匪夷所思的言行刷新我的三觀。
https://i.imgur.com/LFFtX7m.jpg
https://i.imgur.com/zvBy3Mr.jpg

我只想說，
送給你才叫浪費錢，我寧可直接丟垃圾桶都不要給你。
心意像被丟進糞坑的感覺糟透了。
幸好我沒有輕易原諒你們，不然我一定會很想打死那個愚蠢的自己。",family
小熊軟糖真他媽硬,"上課想睡，想說買包糖回教室吃
附圖
https://i.imgur.com/2YQoeS7.jpg
拜託，
這種軟糖誰不愛

拿了幾顆放在嘴裡，
嗯有點硬但還是
嚼著嚼著嚼著
咬著咬著咬著
/
咬著的軟糖沒斷，卻把牙給搖斷了
https://i.imgur.com/FxfwKTw.jpg
現在講話直接破防，
總算可以了解什麼是咬著牙過冬這句話
/
乾，
小熊軟糖真他媽硬。

其實會斷掉是因為 B21",個人
#網美  如果今天這是妳媽媽？,"不知道要放在哪一版
一直都很欣賞的網美空姐
但看到這篇限時 有一點失望
https://i.imgur.com/qXrwYEW.jpg

如果今天後面的 ‘歐巴桑’  是網友們粉絲們的媽媽
會有什麼感想呢
如果是我 應該不是很好受<U+0001F622>

不小心出現在網美的美照裡 就是擋路的生物嗎？

想聽聽大家的想法！",個人
Dcard真的很令人傻眼,"-------------更新---------------
那篇我檢舉體大生的文章被Dcard刪了
https://i.imgur.com/nfn3bvK.jpg

真可怕
我如果超過兩個禮拜沒繼續回文章的的話
估計我也是被處理掉了
Dcard這操作怎麼這麼像<U+0001F957><U+0001F1EC><U+0001F1E7><U+0001F443>
-------------------------------------

有一個體大男生在這篇文章交換id要約炮
https://www.dcard.tw/f/sex/p/234128778?cid=32195925-8299-4aee-86ff-bc9cb803c99f
我馬上檢舉他 還截圖回他：精蟲衝腦的可悲體大生
結果我的帳號被Ban三個月
他的帳號什麼事都沒有還可以繼續回
https://i.imgur.com/lBvbtbf.jpg




dcard這是什麼邏輯阿
我今天幫忙維護Dcard秩序
結果造反的沒事
維護秩序的有事


那個體大生的id我已經記下來了
他跟那個藝術大學的劈腿妹的大頭貼都被我截圖了

如果明天下午體育大學那個精蟲衝腦男沒有出面道歉
我就公佈他的大頭貼跟id

反正他在公開平台交換個資Dcard也沒罰他
那我發他留言的截圖也不可以罰我 

讓大家看看長得一臉精蟲衝腦樣是什麼意思",個人
#刺青故事 在天堂的夢堙A我答應妳，留下來的我會好好的,"我在刺青店，不替客人刺青，只聽他們說故事。
文學系畢業的我，因為畢業製作
成了刺青店堛獄′G事女孩。
（如果你們有興趣，可以點卡稱看看我的作品）

前情提要就這些了
每週一晚上十點都會更新一則故事
我想這堣ㄔu是刺青店，也是情感交換的場所
歡迎你帶你的故事來，交換一個刺青走。

______________以下正文開始______________
https://i.imgur.com/U7wQCuR.jpg
https://i.imgur.com/5oMPTWP.jpg

「我夢到了媽媽給了我花
她以前最喜歡百合了

於是我的手長出花來
我想我媽媽應該是不想我再這樣下去」

女孩身上有隻黑狗，最近因為一場夢
她決定讓黑狗蔓延開花


這個故事讓我想起了「雙甲路邊攤」
一個在人間的臨時路邊攤中
傾聽悲傷的故事，在一杯酒後
進入人們的夢境中，解決他們的遺憾


記得攤販的老闆娘說過：

「你們不知道稍微冷掉的炸雞更好吃嗎？
糖漿涼了會讓外皮變硬
這樣吃起來會更酥脆、更甜」

「人生亦是如此，雖然
當下遇到困難時會感到痛苦
但一切終究會塵埃落地，變成過去
只要堅持到那時候
先前軟弱的自己也會在無形中變得堅強
在一切平靜下來前，先放寬心如何？」

離開人世的媽媽，選擇了這個時候
進入了她的夢

我想，女孩當初留下黑狗時
一定帶著相當大的情緒久久不能消去
可是呀，命運中偶爾的巧合
也能成為我們撥開烏雲的微光",family
好心領養遇到詐騙,"麻煩你各位啊領養或認養之前請三思！！
親戚因為家裡有養柴柴因此有加入一個柴柴群
約兩週前群組有人說有一隻被棄養的秋田
問有沒有人能領養
https://i.imgur.com/OHoRHIE.jpg
我的朋友一直都有計畫要養狗
我告訴朋友親戚轉發給我的消息後
他就決定要養這隻可愛的秋田
聯絡飼主後 表示希望住在三峽北大
並且說秋田已被領養走
原本很替狗狗開心找到了愛他的主人
沒想到兩天後群組又有消息狗狗被退貨了
https://i.imgur.com/f9inS3i.jpg
ㄧ問才知道這已經是狗狗第「三次」換主人
當時覺得很莫名，現在的人都這樣嗎？
養狗前都沒想清楚當球踢來踢去是怎樣？
我朋友得知這個消息馬上決定要接他回家
而我們是這隻狗第四位主人
好的 原本以為這樣就沒事了能讓狗狗過著幸福快樂的生活

結果！！！！！！！
朋友接回家之後不知道為什麼原飼主一直要求要看狗
而且不是拍照給他看就可以的那種
是要帶狗給他看
原本想說可能擔心狗狗所以也有配合帶給他看
但是真的太頻繁
甚至問家裡地址在哪裡
能不能給我帶回家一天？？？？
這些莫名奇妙的要求我們當然都拒絕
就在上個禮拜五原飼主又要求要看狗
朋友沒有拒絕 回他說明天要帶狗狗去看醫生
可以約明天轉移晶片嗎？
結果得到無敵霹靂傻爆眼的回覆
https://i.imgur.com/DjyLzok.jpg
https://i.imgur.com/8OmYfpv.jpg
原本接到狗的那天原飼主說要一年後才能轉晶片
但那時候我們以為對方會說一年是因為政府規定或是店家規定的
後來上網查發現只要原飼主和領養人都同意且一起到場就能轉移
所以後來又提了轉移晶片的事情
原飼主當初完全沒有提及任何有關於合約的事情
完完全全遇到詐騙集團啊啊啊啊啊！
https://i.imgur.com/CwtfmYk.jpg
對方無限輪迴
要馬就定期讓他看狗讓他好跟店家交代
不想配合就付給他他會被店家沒收的一萬塊
不然就把狗「歸還」
哈囉？？？？今天你棄養已經很過分了
你他媽當作聖誕節在玩交換禮物是不是^^
到底怎麼有人有臉講這些話
當然我們不可能妥協
棄養在先就應該為了你的行為負責
我們開始瘋狂尋找寵物店家，大概幾個小時沒有回覆原飼主
https://i.imgur.com/u6HHKYX.jpg
對方大概也是慌了
因為沒辦法拍跟狗的合照騙店家
一直說要去報警
表示晶片在他那要告我們侵佔
https://i.imgur.com/XRJeBnU.jpg
還說他只是給我們「試養」
到底是在哈囉？？？？？

大概是老天有眼就在這個時候我們用谷歌大神找到了寵物店家的聯絡方式！！！
店家表示這位小姐很誇張
當初領養了六天就回來跟店家說不養了
還說「這樣我一萬塊可以拿回來吧
我把狗拿回來店裡給你沒有棄養啊」
WTF？？？？？？？
而這位棄養小姐也是因為發現一萬塊拿不回來
又說要繼續養
結果是在各大社區社團詢問有沒有人要領養^^
然而店家和我們表示
他要報警就去報吧
合約上寫的很清楚
當飼主棄養，狗狗將歸於店家
就算現在晶片屬於棄養小姐
但他將通知動保，將晶片轉讓
並且讓棄養小姐不得領養狗狗
後來店家請我直接把他加進群組和棄養小姐對談
接著開始一連串的對罵
https://i.imgur.com/w2rfmQY.jpg
但是對方還是覺得自己沒問題呢<U+0001F926><U+200D>♀<U+FE0F><U+0001F926><U+200D>♀<U+FE0F><U+0001F926><U+200D>♀<U+FE0F>
https://i.imgur.com/hdMOZ68.jpg
題外話店家真的很幽默<U+0001F923>



https://i.imgur.com/uKod1C8.jpg
還把狗用車子比喻？？？真是刷新我三觀
還有很多奇妙的對談就不放上來讓大家看笑話ㄌ

棄養小姐還私訊哈哈哈哈哈
https://i.imgur.com/G2irN3h.jpg

到了今天店家告知他們已通知動保
https://i.imgur.com/IbnewyZ.jpg
https://i.imgur.com/wqTqD6P.jpg
店家算是給棄養小姐一個台階下吧
以下是棄養小姐的回覆
https://i.imgur.com/1F7MzGW.jpg

雖然看起來棄養小姐完完全全不覺得自己有問題
然後過程還一直說我們不給看狗、虐待狗
假裝自己不是為了一萬塊多愛狗的
https://i.imgur.com/x1elvth.jpg
然後解釋幾百遍都沒用哦
https://i.imgur.com/vOHdgsk.jpg
最後要退出群組之前還留下一句
https://i.imgur.com/Dq7espm.jpg
雖然最後棄養小姐沒有順利要回他的押金一萬塊
但完全不覺得自己有問題
真覺得他應該得到一點教訓
不過最後狗狗安好就好
我們已經和店家聯絡以及處理好晶片及認養規範了
真的是拍尼當搞蕭郎
世界上真的是什麼人都有呢
算了狗狗平安快樂就好唉唉
最後附上可愛的Kuma
恭喜你有個愛你的主人不會再被丟來丟去了<U+0001F622>
https://i.imgur.com/HwB5Oz6.jpg


對了 棄養小姐是大陸人",寵物
我很喜歡小孩卻不敢生,"我真的很喜歡小孩
與男友也早早就擬好結婚&生育計畫
只是與此同時我也很害怕
我害怕我沒有能力保護他/她
沒辦法讓她/他健康快樂地長大
畢竟現在這個社會真的不可同日而語了

如果我的孩子長得沒有很好看
那他/她是不是會被霸凌？
https://www.dcard.tw/f/mood/p/235060997
如果我的孩子沒有用AirPods
那她/他是不是會因此被議論？
https://www.dcard.tw/f/talk/p/235059270
我的寶貝的外套會被陌生同學噴精嗎？
https://www.dcard.tw/f/mood/p/235060593

這些文章是我昨天剛好看到的熱門文
我明白上面那些情況不是常態
那些可能都是比較偶然的事件
不代表每個人都會遇到
而且小孩出生本來就需要父母陪伴＆教導
不能自私地許願「這世界應該要健康美滿」
然後父母就可以拍拍屁股說教育不關我的事
只是說
自己也是在這世界中一路跌跌撞撞才成長到今天
自己深知活著真的不容易
而我看著現在的新世代
看著各種的不友善
我不禁失去了生小孩的勇氣

可能是我太悲觀了",family
不再,"https://i.imgur.com/ufTuzZ2.jpg

2020年即將劃下句點

你們，過得還好嗎？
你們，是否健康快樂的生活？
你們，有沒有好好愛自己？

很多人都說2020是災難年
從年初開始不好的事接二連三的發生
失去 失去 失去
不斷提醒著我們 珍惜
珍惜那些有緣能相遇的每個人


珍惜與你相處的每個時刻
每通電話、每通視訊
即使是遠距離聚少離多
還是很幸福 

但 我還是失去你了

並不是輸給了年齡差距所帶來的考驗
是你的背叛

最後的最後
只記得你對我說：
「不要浪費時間在我身上了，你一定會遇到比我更好的人，你值得更好。」

明明眼中只有你
為什麼要我去看其他人
明明是你做錯事
為什麼是我去挽留你
好奇怪。

單身的這一年 我遇到了很多不同的人
一、兩個相處有時會有莫名熟悉的感覺
好像從中看到了你的影子 讓我想起你

直到現在
你還是戒不了手中菸
而我嘴裡的糖再也不甜了
https://i.imgur.com/oHXSOHw.jpg


“如同所有的落葉都會散落
所謂的永遠也會遠離
你是我的第五個季節 想見卻見不到你
對我而言你卻依舊蔥綠”

-<U+ACE0><U+C5FD>


2020刻想見你
2021要刻什麼好呢
目前還沒有想法 可以的話留言建議一下吧<U+0001F970>


#DISALLOW深卡
#PRIVATE_CONTENT",個人
羨慕一家三口和諧的模樣,"在自己幼時的印象裡
從小不是跟媽媽和媽媽這邊的家人住
不然就是跟爸爸和爸爸這邊的家人住
在我幼稚園的時候是住在爸爸這邊的
到了小學一二年級印象中是和媽媽住
之後小學三年級又搬回和爸爸一起住
直到住到小學畢業即將升國中的時候就又換和媽媽住

其實我知道我的家庭也不算很糟糕
至少從小到大以來能吃得飽穿得暖
只不過我的父母從我很小的時候就分居了
分居了十幾年直到我19歲那年才辦離婚
爸爸在我大約2-4歲左右有用相機錄影我的幼時畫面
看著以前拍攝的紀錄，當時我的父母還是在一起的
畫面中我們一家三口和樂融融的一起生活
媽媽在廚房準備煮飯，而兩歲的我跑去找媽媽
和媽媽撒嬌，媽媽就一邊抱著我一邊等著水煮開
還有我小時候講話耖拎呆的模樣
爸媽在旁邊一邊錄影，一邊笑著學我說話
不過這些畫面其實我自己沒有印象了
我腦海裡的畫面是由一台相機給我的

不知道是不是從小就看著父母分居
一時跟著爸爸一時跟著媽媽
所以忘記了一家三口和諧生活的樣子是如何
直到剛剛在dcard上面看到一位女孩發文
內容是媽媽不相信爸爸能穿得下衣服而賭100萬
在我看到那位女孩發的影片裡
女孩大笑著看著自己的爸爸媽媽打鬧的畫面
而女孩一邊錄著影一邊開懷大笑
就在那瞬間讓我覺得，我好羨慕那位女孩

之後心裡想著：對欸，我人生好像沒有過這樣的畫面
當下覺得我也好希望爸爸媽媽能夠幸福的生活
而我也能和爸爸媽媽住在一間小屋裡
媽媽為我們煮晚餐，一起在飯桌上吃飯
吃飽一起在客廳看著節目一起笑著

也不知道是不是印象中真的沒有過這樣的經驗
讓我覺得人生裡沒有一家三口和樂的模樣是正常的
但我已經習慣這樣的生活，也覺得這樣很正常
父母分居離婚的原因我也能理解
我知道他們這輩子不可能再和好
而我這輩子也不能擁有像電視劇般
一家三口那樣幸福的模樣，一起旅遊，吃飯，合照
現在想想，我還真的沒有過這樣的合照。

不過沒關係，因為我的人生也已經很棒了
至少我有家人，也有飯吃有衣服穿有房子住
已經比這世界上一些困苦的孩子還來的幸福，對吧？

雖然我還是真的好想體會這樣的生活，一次也好..


不好意思文章長排版又不好
只是因為剛剛看了Dcard的文章有感而發
謝謝看到這邊的你們，祝福你們生活美滿溫馨<U+2764><U+FE0F>",family
#心情 我說我喜歡女生請客,"其實我一直都希望女生對自己大方一點，才不會有為我的錢而來的感覺，不是為了想佔人便宜，只是希望對方不計較為我付出，其實六日的約會請我就好了，不用吃太貴的，一個禮拜吃一次五百元的餐點，這樣很over嗎？我沒有物慾所以我是不會像小白臉去要東西的，只要能帶我吃喝就好，這樣的要求好像在這時代真的就是小白臉的樣子<U+22EF><U+22EF>但其實如果跟我在一起論及婚嫁的話，我也不會隱瞞你，我也願意為你付出，只是要結婚後我才會公佈這件事，那就是其實我是很有錢的，買房子頭期款我來付，不過感覺還是會有酸民說很少吧 QQ

https://i.imgur.com/P9IJ1NR.png",感情
再撐著點,"https://i.imgur.com/AIlL6eI.jpg
https://i.imgur.com/In0zRNA.jpg
https://i.imgur.com/nG953Mc.jpg
瞇一下 放空一下 擁抱這世界
分享一首歌

https://youtu.be/MIR5SRaQJgQ

同溫層語錄：
即使感到孤獨一人，也會有屬於妳的同溫層。",個人
謝謝妳，找到了我,"https://i.imgur.com/j40Zohd.jpg



https://i.imgur.com/oH78vhY.jpg


好像電池總有一天會沒電
會需要更換或是充電
偶爾<U+22EF>
偶爾會突然被平常推動自己前進的壓力給推倒
陷入莫名的焦慮或煩躁
不想去想規劃今天該做什麼、
不想去在意還有什麼事情沒完成、
不想拿起手機看到讓人煩躁的訊息、
只想放下那些「責任」，好好放空<U+22EF>



https://i.imgur.com/fCZkuqj.jpg
https://i.imgur.com/1wdetni.jpg




關上燈，躺在床上發呆。



<U+22EF>其實
自己心裡很希望能被找到、

希望突然有個人能發現躲起來的我。





https://i.imgur.com/3MTOFhk.jpg



「喀噠」
突然間，房門被輕輕地打開
可能是因為看到關著的燈，以為我睡了



對方好像在我的書桌上放了什麼
就默默出去了。




然後手機螢幕隨即亮起
我瞄了一眼
https://i.imgur.com/RkxlPaZ.jpg





https://i.imgur.com/N2XQrXP.jpg
https://i.imgur.com/meusc3X.jpg

https://i.imgur.com/u1Lt5AD.jpg
https://i.imgur.com/HNxpO8O.jpg



原來是因為早上媽媽原本要找我去爬山
但我剛好那個來，所以拒絕了
知道這件事的她晚上到家後就用了薑母茶給我喝
真的<U+22EF>讓我覺得很溫暖<U+0001F62D><U+0001F62D>


/


大家好我是欸那∼
（把自我介紹擺最後<U+0001F923>）
這件事讓我想起了前陣子畫的圖
所以想說結合起來用不一樣的方式紀錄一下

有的時候，對自己來說小小的舉動
卻可以成為他人大大的溫暖跟鼓勵
一起給自己在乎的人
一份簡單的關心吧 <U+2661>( ’<U+0348> <U+1D55> `<U+0348>)",個人
室友一直在房間講電話,"室友常常一整個晚上都在講電話
但不太會超過十二點
不過還是有點影響到我
畢竟她跟男朋友講起電話就不會控制笑聲跟音量
也常常講兩句就罵一個髒話
下禮拜就要考期末考了 在房間完全沒有安靜的時刻可以休息

室友講好幾個小時的電話是大家可以忍受的嗎
（不超過十二點）
不知道是不是我太敏感：（
https://i.imgur.com/grOBOdC.jpg
我就是不敢講的卒仔",室友
說是朋友，卻不斷做著不是朋友的行為,"我有個很要好的的朋友最近喜歡上一個同系的女生。
我本來也沒多想什麼，偶爾就聽他分享他和她的事，但最近越聽越覺得哪不對勁。

那女生告訴我朋友，要是我朋友跟她告白她就爆氣給他看，可是卻又不斷對我朋友做著曖昧的舉動，像是靠在他身上，忽然抱住他之類的，還會大晚上的跑去我朋友的宿舍，待到快半夜十二點多才離開，總之，在我的認知裡這些有點超越朋友的範疇了。

而我朋友也因為她這些行為開始暈了。
我有提醒他不要暈太快比較好，但他回說那女生只是特別了一點，她肯定沒有玩他的意思。

由於我跟那女生沒交集，所以我也不會隨意就斷定她就是不好的人，但她的一些行為舉止又讓我很擔心我朋友有可能被玩弄，加上朋友都這麼說了，感覺我再多說什麼都不太合適。

心情就挺複雜的，也很困惑。

還是其實那些行為朋友之間也會做，只是我的思想太保守了？",朋友
活著好累,"不知道有沒有人有過這個感覺

活著沒有動力，什麼都不想做
連好好睡覺也沒辦法
每天醒來生無可戀

想要過得開心一點 不讓家人擔心
卻也慢慢不敢和他們聊起自己的生活

放<U+7740>報告，作業不寫
連考試也讀不下去的我
覺得自己很沒用

沒辦法讓自己的日常坐息正常
沒辦法讓自己心情好些
我每天都在想 這樣的我活著 好累

每個人背負著不同的壓力我能理解
可能 我也缺乏解決問題的能力
我唯一能夠解決的事情應該就是我自己

我知道我是爛草莓
不好好唸書
不好好維持正常作息
有時候暴飲暴食
有時候吃什麼就想吐
甚至連作息也日夜顛倒

我希望我下輩子不要當任何生物
我沒辦法擁有活著的動力
我對不起我的父母和關心我的人
我不要再給任何人帶來負擔了

活著好累
死了我在意的人也會痛苦
不知怎麼處理自己的我 
每天都在思考怎麼讓自己死後不用處理屍體
就不會讓家人看到不堪的我了

最後放上一隻貓
希望大家快快樂樂的：）

https://i.imgur.com/N9uuTg8.jpg

謝謝大家看到這裡
我試過校內諮商師
也去過精神科吃了一年多的藥
不過現在已經不吃了
我也沒動力沒感覺去做這些事了
每天睡成爛泥巴死在床上是最幸福的事吧",個人
現在的小朋友脾氣真大,"事情是這樣的，朋友說她媽媽每天都對她說些公司的事情，在公司過的很不如意想要人安慰她，妹妹目前碩士畢業找不到工作很焦慮住家裡吃媽媽用媽媽的完全不做家事都叫媽媽做。

今天妹妹不爽媽媽一直叫她去找工作，一直在那邊扯開話題說別人家的媽媽都是會鼓勵自己小孩，找不到工作已經夠焦慮了，還要在那邊聽她落井下石說明年景氣不會更好這種話根本不會講好聽話，還說媽媽一直戳在她的點上讓她非常生氣，就不停的唸媽媽在公司就是因為她的個性這樣才會被欺負。
最後，媽媽理智斷裂在洗碗的時候，不爽洗碗把碗都摔爛了。
他們兩個大吵了一架，媽媽揚言說早知道就一刀把你們都殺死。
我朋友從頭到尾做旁觀者，直到最後聽媽媽這樣說她覺得很難過。

想請問現在的剛畢業的小朋友或是在找工作的人，如果家裡的人無法忍受找工作半年以上，會怎麼處理家庭關係？",family
該如何叫醒他…(續,"今天又看到他的現實動態<U+0001F928><U+0001F928><U+0001F928>
他已經開始把送他東西的男生當女生了
都幾？
https://i.imgur.com/I7Ty5VB.jpg",朋友
花了1300承認最不想承認的事,"在高中的時候，因為個性暴躁的關係，我沒什麼知心好友。 所以在升上大學之後我下定決心要有所改變，想要交到很多朋友，至少在大學4年裡我還是要有所長進吧！

  我們學校是住校制，宿舍跟教學區是分開的（廢話），我跟P因為科系的關係被分在同一棟宿舍，其實還是一年級的時候我們就是同一棟宿舍了，上課也都幾乎在一間教室，因為通識課的關係我們也都是同一堂。 

  因為我真的把他當作一個很好的朋友，所以他生日前不久，他的錢包弄丟了，我就心心念念著我一定要送他一個大約1300T牌皮夾當作他的生日禮物。 

——————以上介紹，以下正文——————

  大約半年前，我借了P一個IPhone的原廠耳機耳機，就是從盒子裡面附有的那種。 我借給他因為他的耳機不見了，所以我就想說好吧反正我也用不太到（我平常都用無線的藍牙耳機），我就借給他了。   
後來我需要用到耳機的時候我去找他拿回來。
P：「哦∼，那個耳機別人拿走了」
我：「蛤？你把我的耳機借給別人？？？」
P：「喔沒有啦，那天我去打麻將然後他需要用他就自己拿走了，東西在那邊。」
我：「我借給你的東西，你這麼輕易就給別人了？你不會說那不是你的嗎？」
P：「沒有啊，它就自己拿走了！」
我：「好算了，我覺得很髒，那個耳機我不要了，你還一個新的給我」

（我不要的原因是因為我覺得誰知道那個拿走的人會對我的耳機做些什麼，況且他們都會抽菸，我完全不想拿回一個有煙味的耳機。再加上他本來就應該負責保管耳機的責任，他說的好像全都是別人的錯，我信任他才借給他，沒想到他就是這麼對我借給的東西。）

  我生日是八月，他問我要什麼樣的耳機，我就傳了一個大概2000塊的給他，他就說這個月沒有錢，可以等下個月嗎？ 因為我一直都很相信他，所以我都覺得沒關係，一直延期延期延期，延到了現在已經12月了，我還是什麼都沒有拿到。
於是，我就受不了我直接Line他。

對話如下...
https://i.imgur.com/Cu5xdET.jpg
結束完這段聊天之後過了一分鐘，我就拿到600塊了。 

不過還沒結束，他沒錢的原因，
8月是因為他要買給他女友的生日禮物，新的AirPods pro ，
OK! Fine我體諒，我本來就沒你女朋友重要。
9月、10月要繳書費很吃緊我也覺得沒關係
11月總可以了吧，沒有！11月要繳房租，也沒錢

諷刺的是，在11月底12月初的時候我竟然聽到他要送生日禮物給另外一個人...？？？？
我當下雖然說假裝沒聽到，但我心裡真的蠻難過的，因為他不僅完全不把我生日當一回事，根本沒把他欠我的耳機放在心上吧，況且我明示暗示至少超過五次了，他每次總有藉口可以推託。
出去玩也沒看到他在省錢，該花的該玩的，也沒少花。 不是存不到錢，而是我不是那個值得他存錢的對象。

其實我的好朋友們，也一直有跟我說我根本是100分工具人！ 
他不會縫東西，我幫他縫。 
他缺東西，我的先借給他。
他沒錢買東西，我先幫他墊。
他被別人攻擊，我幫他說話。
我有什麼東西，我先跟他分享。
我買晚餐，他喜歡吃，我幫他買一份。
能幫他的我都幫。

並不是我是開慈善機構的，而是我當他是一個很好的朋友，巨好的那種。

整件事情的引爆點，除了一直以來累積的一些事情，還有他在還我錢的2分鐘內。
發了一則摯友限時動態，就在我的面前。

因為我不是他摯友，所以我看不到，是別人給我看的（想當然爾我也有告訴別人耳機這件事情。）

內容是：
：「哈 你對我來說也沒什麼，只是沒告訴你而已。」


總而言之，我現在也是至少有拿回本該屬於我的耳機600塊，之前送的禮物就當繳學費吧！
看清一個人1300塊，根本便宜。",朋友
氣死我了,"很想要大吼大叫
覺得如果一大吼大叫
全宇宙都會聽到我的怒吼
怒氣滿點 看什麼沒一個順眼因為看不順眼
覺得什麼都感到厭惡
沒看過這麼討人厭的
氣死我了
看了就討厭",個人
抱歉了錢錢，但我真的需要那個可愛東西,"儘管知道養貓咪是一個很大的成本開銷….

不過當我一看她這個萌樣，我完全沒辦法控制我的衝動…
怎麼會有這麼可愛的生物…  一個衝動之下直接把這隻兩歲多的可愛胖貓，直接收編!

然後今天請我身邊的資深貓奴推薦給我一些私房產品，不是那些貓抓板或跳台之類的，而是更有料的「私房健康食品」…

才發現，錢錢真的抱歉...

花費如下..
愛米可緹(魚油粉+葉黃素+左式離胺酸)+怪獸部落(牛磺酸)+汪喵星球(益生菌)+巔峰 ZiwiPeak(96%鮮肉貓糧)，看到那個金額很想大聲斥責，但是真的太大了…

這還只是一到兩個月的花費….抱歉了錢錢...
跟我一起看吸貓忘記這一切吧

https://i.imgur.com/RajOtAo.jpg",寵物
不要戰學校好嗎 交大的性平也會講幹話,交大的性平跟我說「妳想開一點 也就是遇到一個爛人而已」然後性平調查報告全部都是男方的詭辯 其中有一個是說什麼我一直打電話給他 我就問學校說 你們有求證嗎 我從來沒打過電話給男方 怎麼可以這種不實的東西都沒求證結果學校說「我們沒有義務查證男方說的是真的假的 反正最後性騷擾有成立」我說可是我也有提出男生一直打電話過來（我有附未接來電幾十通截圖），怎麼同樣是「一直打電話」，我付了證據卻沒被納入調查報告？學校沒有回我 只說「妳是提出申訴的人 妳本來就要負責舉證」我也知道我需要舉證 所以我才付了截圖啊 但所以意思是 加害者反而狡辯都不用付證據欸我說 那如果一個外人看到這份報告 會怎麼想我？這個文字閱讀下來 你們也沒撰寫說對於男方陳述並沒有求證真偽 第一眼看過去一定會直觀的覺得是真的啊學校說「沒有人看了會那麼覺得只有你自己那麼覺得」結果我媽看到就狂罵我因為有一段是男生羞辱我家人說「你媽跟別人上床你爸跟別人上床你那什麼鬼家庭」調查報告寫的好像是我跟男生講的 男生才講了這種話一樣我媽就說我怎麼跟外人這樣說她 我怎麼這樣想她我那天真的很崩潰很想死很委屈後來也跟學校反映說事實是真的有人看了覺得男生講的都是真的 也敘述了媽媽的事學校就沒再回我然後我提出的道歉要求是希望告知男方父母男方的這些言行 並由父母陪同男方道歉結果學校說男方已成年所以他們沒有辦法這麼做結果因為我很崩潰的找學校理論學校卻主動打給我媽說我的事加害者的隱私好重要那我的隱私呢？ 我明明也成年了我也早就向學校表明過我的家人讓我有壓力我甚至有提到說男方也知道我的家人讓我有壓力的事 男方還以「要讓我媽知道我被騷擾後反擊他的樣子（因為我有公審男方）」來威脅我學校在已知對我來說 讓我媽知情 是一件極大壓力的事 卻還主動幫助了男方完成了這個威脅男生的那些噁爛言行我現在其實已經痲痹無感了但提性平受到的二次傷害我真的到現在想到都還覺得很委屈 很生氣 很想哭 又無可奈何甚至會覺得為什麼我只是被說要不要玩免錢為什麼只是被說 「只不過是想幹妳到底欠妳什麼 又沒真的幹到」如果我有笨到被上了才提性平 結果或許會好一點吧才會有人真正同理我受到的傷害 並不是小事（不好意思沒特別排版 也有不少錯字 我的狄卡不知道怎麼了打字會一直跳開 看不到我正在打的字）,學校
ig上有恐怖網友,"幾週前有一個男生來追蹤我的ig看了一下他的ig追蹤對象和他的頁面沒有頭貼也沒有貼文，追蹤對象有我兩個妹妹，追蹤群體大部分是我妹妹的同學，落在高中這一個區塊（只是不知道為什麼會追蹤我）我妹都跟我說他們不認識他，只是想說給他追也沒差沒有回追，我自己沒有允許要求就讓他一直放著。過了不久,這個人的版面上開始多了新東西，是不同高中女生的ig個人頁面，這個男生會去跟允許他追蹤要求的女生聊天，說是交網友講的自己經驗很豐富很好聽，但只要對方消失不回訊息就會開始罵對方嬌生慣養之類的，講的對方做了什麼滔天大罪，被截圖個介的女生都是封鎖他的人，封鎖他的人都會被他截圖丟到版頁上公審。超級可怕..根本強迫人家回他訊息，還說自己截圖個介根本不算侵犯肖像權，我其中一個妹妹從一開始就沒回他訊息所以他退追蹤了，但是我另一個妹妹他還在追，我怕他會不會去找她講話然後會不會一個神經質情緒失控變成什麼恐怖網友<U+25C9><U+203F><U+25C9>我該報警嗎我會不會太神經質他真的超級無敵世界可怕阿阿阿阿阿",網友
喜歡在你睡覺的時候合照,睡著他媽的那麼醜：）但還是最喜歡和你合照因為從來沒有這麼安靜的看著你因為從來沒有仔細好好看著閉上眼睛的你因為我愛你https://i.imgur.com/SgMLkdm.jpg大概百分之一億的女生手機都有這東東https://instagram.com/thirteeen.s,個人
邪門歪道...,"https://i.imgur.com/z6XsQXv.jpg
我是個提倡麥當勞薯條吃原味（鹽巴）
就算沾著蕃茄醬吃也是合情合理(<U+FF65><U+0E34>ω<U+FF65><U+0E34>)
但某個異教徒居然拿我雞塊的糖醋醬去沾薯條
我真是很生氣恨不得把醬跟薯條直接塞到他P眼
他讓我嚐一根我當下真的...
媽媽咪呀這是什麼神仙口味啊<U+0295> •<U+1D25>•<U+0294>
天啊 我以前都不知道...薯條+糖醋醬如此美味欸
聽我朋友說沾蛋捲冰淇淋跟玉米湯<U+0CA0>_<U+0CA0> 呃...
真的有勇者這樣嘗試過嘛？ 還有沾冰旋風的
歡迎大家踴躍分享自己的看法(<U+FF65><U+0E34>ω<U+FF65><U+0E34>)",食物
有多少人被梁靜茹拯救過呢？,"週末參加了梁靜茹20周年演唱會
一首首經典的歌曲把自己拉回最不懂情，卻也最自以為懂情的過去
直到現在自己真的懂了
才發現自己是被梁靜茹安慰、被療癒、被拯救的

尤其是情歌
https://www.youtube.com/watch?v=7FiQV1-z06Q
有了MV的情歌更引發內心的辛酸
男聲的部分和靜茹的歌聲相輔相成

有如演唱會中靜茹說的
「在愛情當中，最心酸的就是想得得不到、想求求不到」

謝謝你靜茹，讓我的青春有了安慰

我們的勇氣，都是你給的
https://www.youtube.com/watch?v=nDchQNPuA0k

你讓我知道，不管怎樣，怎樣都會受傷
但是傷了又怎樣，至少我很堅強、我很坦蕩
https://www.youtube.com/watch?v=gR6GRMrvl5M",個人
我真的很久沒哭成這樣,"https://i.imgur.com/i6BpOdp.jpg
我生日快到了
20多年來 我從沒跟我媽要過生日禮物
儘管我知道她給我姊姊的禮物都多麼棒
2900多 我不是買不起
我近5張卡 我不怕我自己買不起
我只是想要一個態度 一個FU
結果呢 之前在我20初妳就自己說過妳從沒給我生日禮物過
國中後妳跟爸爸分開 我就自己照顧自己 照顧到現在
妳的紅包也沒少過 新年 生日 母親節 我包的都比姊姊大包
為什麼我只是想要個生日禮物 還是沒有
爸爸每天跟我住照顧我 都沒有紅包這麼多了
然後我就想說我今天下班自己買
然後
售罄？售罄？售罄？
484故意糟蹋我
抱歉 崩了<U+0001F62D><U+0001F62D><U+0001F62D>",family
這個事情跟大家想的不一樣,"這篇文章很多網友都認為警察辦案有問題，覺得是警方隨意誣陷原Po，但實際上這個事情跟大家想得不同。

FB上只要是妨害名譽的部份，FB這種美商公司都不會提供帳號資料給警方，而且警方在要被告到警局前，也不可能任意搜IP（因為妨害名譽這種事情屬於較輕的罪）。

所以要告對方，只能由當事人主動搜證，因為這個事件中，被告的帳號有本名，所以只要想去警局提告，警方一受理後，之後就會從戶政事務所調全台所有同名同姓的人照片，再由報案人指認。

因此很多FB妨害名譽的事件，容易因為得不到被告的相片而撤案，但是如果要隨意指認，警方也只能被動按報案人的要求，向被告寄出到案通知書到案。

這時候就會有誣告的問題，所以這起事件，其實警方是依法行政，並沒有像大家想得那麼壞，反而真正有問題的是報案人本身，因為他指認錯誤，所以現可以考慮要他求償。

雖然後續警方偵訊的態度可能不好，但真正要追究的還是報案人本身。",警察
跨年各位要幹嘛,"想問問大家跨年的行程是什麼∼
沒有很想去看演唱會啥的 
想說朋友在家聚一聚喝喝酒吃東西聊聊天
Gan真的很不爽
不是意見毛病一堆不然就是不出聲
順帶一提：）
大家的朋友裡也有這種有時很擊敗的人嗎
（有時講話不知道在嗆啥 ㄇ的真的很想巴下去
雖然最好的意見真的是睡覺沒錯^<U+2006>_<U+2006>^
https://i.imgur.com/uc301aE.jpg
https://i.imgur.com/5AHxlGg.jpg",朋友
可以不要什麼都要問嗎,"我從小就一直都被我爸媽管得很緊
在上高中之前想要跟朋友出門
一律禁止
上了高中以為會好一點
根本沒有
反而變本加厲
要出門還要報備
跟誰、去哪裡、有幾個、男的女的、功課好不好
怎麼去、什麼時候回來(要有確切的時間)
晚一點回家就會被罵
高中跟朋友出門也是五隻手指頭算得出來
高中的時候也會因為手機設密碼
被沒收
還有發生過翻手機的聊天記錄
(連設定都要看過一次)
我真的很累很煩
不是沒有溝通過
溝通根本無效

大學還不能去太遠的地方
還說就算我填上了也不會讓我去唸
交了男友
三不五時就問
「發生關系了嗎？」
「你們進展到哪了？」
「朋友、男友還有家人你永遠都不會先選我們」




能不能不要什麼都問
能不能不要再情緒勒索了
我都已經要20歲了
你們到底還要綁我綁到什麼時候？


我真的好累",family
對跨年無感的人好像變多了,"以前有些朋友會很想去跨年現場或是整夜不睡，沒想到身邊越來越多人竟然覺得在家就好，有些人覺得不要超過十點回家
甚至有些人覺得乾脆去睡覺",朋友
寒轉很緊張( ；<U+2200>；),"大概還要快一個月才能知道結果，真的很怕自己會因為備審沒做好或沒考好被刷掉。
原成績班排一，總覺得很有機會，但本人原校為邊邊角角的國立地方大學某設計類科系，而且備審製作有點趕，作品集55頁、自傳讀書計畫只有十頁左右。很想上清大藝術學院學士班或高師大工設。
希望可以考上，想要有個美好的（肝）人生(’<U+30FB>ω<U+30FB>‘)
無論如何我會繼續加油的！
（第一次po文，有點緊張，只是很想抒發緊張的情緒_(┐「ε:)_
https://i.imgur.com/VdYUEDa.jpg
附上邊邊角角的海景",個人
#影 現在的網美都這麼誇張的嗎？,"無意間看到自己追蹤的網美限時，內容以下<U+2B07><U+FE0F>
https://www.dcard.tw/v2/vivid/videos/8c0e5a0d-5283-4b14-bbfa-16b5beb790c9?r=2.1621621621621623
 
擁有1萬追蹤的網美，行為居然這樣？覺得蠻誇張的
當下看到蠻傻眼的，亂抽衛生紙，這樣清潔人員很辛苦欸 。

不知道各位看法如何？",個人
2020 真的好討厭你,"半夜睡不著 
不知道為什麼突然想到這幾天的英國新型病毒
還有日本確診案例 整個人突然崩了 久違的哭了出來
從年初到現在總感覺發生了很多不開心的事情
從一開始因為疫情被迫中斷交換生生活
到好不容易辛辛苦苦考了雅思 準備各種文件 申請好國外的研究所 交了訂金
一直以來 研究所這件事都是支持我在這艱難的一年保持樂觀的動力  
一直堅信疫情很快就會過去 2021會更好
可是 現在英國鎖國 新型病毒無解 原本的疫苗也沒有用 更別說還有非洲的新病毒
這一切都讓我懷疑未來一切都會變好這件事
原本以為我會堅持樂觀一整年 看來還是堅持不下去了 
我也知道其實還有人過得比我還慘 生在台灣 我已經很幸福了
可是這該死的疫情真的很糟心 大家的生活還有計畫都被打亂 這種日子什麼時候才是盡頭…
說實在 對未來有些迷茫了 Q-Q

最後多嘴一句
只是突然覺得這一年要結束了 但這糟糕的一年感覺還未完待續 突然想murmur 
我很好  也希望不要被噴<U+0CA0>﹏<U+0CA0>
感謝各位
https://i.imgur.com/lNuI3nS.jpg",個人
我好累好無力,"上大學的各位
有沒有因為家裡經濟情況被迫一定要打工的
好幾次我都好想要好好休息一回合
不是身體累 而是心累
不能參與跟同學的聚會
不能參與跟朋友的約會
不能支配自己的時間
身邊的好友感覺漸行漸遠
我也沒有要放棄賺錢的意思
但有的時候只是想要一個安慰
這樣的生活 其實好孤單",個人
為了排解分手的機車旅行，僅此紀念兩千多個日子的青春,"小弟剛跟女友分手，想到這些年的點點滴滴心裡實在五味雜陳，騎著新買的Racing去晃晃，想想現在也只有這個小老婆陪我了，這些年的青春以及花的錢，感覺到貨真價值的一無所有啊！！

總之也沒辦法，就趁著一個難得的好天氣，一早從新店一路騎到坪林，最後到
宜蘭，一路上想著以前的點點滴滴

在一起七年，一開始騎著一台破破的小100是老北的二手車，帶著她上山下海，想起那時總會調侃著：最近又是不是變胖了？簡直載不動之類的言語，還有很貼心的她每次去沒去過的地方，都會幫我把手機架好，一起去挑選過幾個不牢靠的手機支架之類的，風吹日曬雨淋去幹啥幾乎都有女友的陪伴，我出社會三年之後才考了駕照，偶爾開著家裡的老車帶她出去，但最常用的代步工具還是我那台小100，她就是一個善良的女孩，從來沒有表現過不開心的樣子

有時候騎車後面白煙很多像空氣殺手，於是換了這台帥氣的Racing S， 我們為他取了一個名字叫大飛S，總覺得他會讓我們健步如飛，不像之前那台小車沒事就落賽，那時候我換了業務工作，工作與生活秩序都亂了步驟，朝九晚六的女友還是會在每個周間陪我吃飯，假日幾乎也都會陪我跑跑業務兼約會，是的就是想衝事業，約會變成附屬品，但她還是默默陪伴我，想想也許那時候可能她就在忍耐我了…

但大部分的時候我們還是快樂的(應該吧？) 大飛S有比較符合人體工學的坐墊，女友比較不會在我騎了半小時之後開始腰酸背痛表現不舒服的樣子，感覺在後座的她有比較舒適，也不用再為我弄手機導航，新的雷霆儀錶板上裡面就鑲嵌的電子導航，想到那時候我們很像鄉巴佬一樣驚呼好方便，覺得自己變得很時尚的那個傻傻的鳥樣子，覺得一切都是那麼懷念

那時候總會想，等我之後賺了多一點錢一定要回報她，所以更努力衝事業

但到近半年多，我們很容易吵架，先是我家有些狀況，後來是她，也許也不是不相愛了，就是沒辦法走到最後，最後協議分手放了彼此，其實到最後我是很不願意的，也許我也沒能耐可以好好照顧這麼好的她吧

騎車到了我們每次到宜蘭都會來大吃大喝的羅東夜市之後，我坐在她最愛吃的阿灶伯，沒有什麼胃口的點了一碗羊肉湯，邊發呆邊吃，想想也蠻不適應的，之前騎遠一點後面都會有熟悉的重量…也想到剛換車時我們也來個百里長征騎到了金山，新車避震比較好，身體不太好的她比較不會像之前騎車顛簸時很想吐的樣子…

太多太多了，不管是舊車或新車都乘載了很多回憶，跟她在一起的這兩千多個日子裡其實是充滿感謝的，畢竟我也沒有給她很好的物質生活，雖然我還是妄想著哪一天有復合的可能，但如果她找到更好的、可以好好照顧她的人，我想我還是會祝福她的

好了，以這篇的抒發留個紀念，我也該慢慢把這份回憶留在心中，騎車時一路移動的風光，好像真的能讓人忘卻一些想要忘記的，騎車回來我睡得特別好，不知道有沒有人也跟我一樣失戀的，也許都會好的吧

https://i.imgur.com/3ltKl9k.jpg
放上那時候我們一起拍的大飛S",感情
求12/26行車記錄器！,"12/26 下午1:25∼1:40左右經過中正橋下來，
重慶南路跟寧波西街的路口，
我跟男友騎車在這邊發生車禍。
我們是直行車，當時時速40幾，過停止線之後，
一台摩托車從左邊硬切到我們正前方直接右轉，
他切過來的時候離我們的距離不到一步，
當下馬上煞車也來不及就直接撞上去了。
對方人沒事，我跟男友全身多處擦挫傷，
現在內臟也還在痛。
警察說我們車禍的地方剛好是監視器死角，
所以沒有拍到。
我們當下人都痛到起不來，也沒機會問路人有關行車記錄器的問題<U+22EF>
對方做筆錄的時候跟警察說，他只有騎40，
在還沒過停止線的時候就已經減速往右切了。
怎麼可能時速比我們慢還有辦法切到我們前面<U+22EF>
但我們因為沒有監視器也沒有行車記錄器，
沒辦法反駁或證明。
所以想請希望有經過那邊的大家幫幫忙，提供
行車記錄器，釐清肇責的問題，拜託了！<U+0001F64F><U+0001F64F>
不知道放什麼版，有錯版再麻煩告知，謝謝<U+0001F97A>

https://i.imgur.com/j9pAvs1.jpg
https://i.imgur.com/MCBu9bN.jpg",交通
幹你娘加爆,"再1個月就要從飲料店離職，現在加珍珠一律多加一半（店長不在的話 。不管什麼料都再加一點<U+0001F60C> 
老闆：6點多點煮的珍珠 8點就賣完 你有什麼頭緒嗎？ 我他媽怎麼知道<U+0001F617>







因為有時候太晚煮珍珠，到晚上九點都剩一堆，所以還不如7-8點多加一點，到9-10點就可以賣完了<U+0001F973><U+0001F973>",職場
菸,"你什麼時候開始會抽煙？

我從國中開始陸陸續續會抽煙
我知道抽煙不好，
但我更知道毒品，酗酒，賭博
這些更差勁...

我選擇了緩慢性的自殺，
抽煙是一種緩慢性自殺行為，
至少在這期間，
我仍然像平凡人一樣，
該上班時上班，
該人際互動時互動，
該幹嘛幹嘛去。

倘若我就像這菸一樣
漂流在空氣裡
結束在天空裡
至少也能知道天空有多高
我在多高的時候結束不見

若有似無的飄飛著
原來不只是菸的化身
也是我叛逆的心腫脹著

現在看到別人抽煙
是因為酷，無聊，盲目的。
想想...
菸，到底是怎樣綁架了我
讓我脫離不了這瀰漫氣息
我只是更享受那一瞬間
吸取了許多呼吸空間
讓我知道我還活著。",個人
沒人記得我生日,"往年習慣被一大群人圍住
很好的朋友不在身邊
上大學大家都很忙
今年也不在家過
要從今年開始習慣有點難過QQ
唉 還記得以前00:00狂被轟炸的小確幸
我好無聊喔 在意這種小事情
只不過是大家長大了",個人
我的愛心想要破萬,為什麼別人發廢文一發就上手，我丟十幾篇了，才43個愛心。難道是內容不夠廢嗎，這篇夠廢了吧!,個人
變得不會交朋友<U+0001F622>,"我是個內向的人
高中三年很努力地和同學打交道 交到了很多朋友
但其實心很累 回家才有辦法鬆口氣
於是下定決心大學要當個舒舒服服的邊緣人
上大學後 我變得很不積極
不會主動找人攀談 變得很安靜
真的成為了邊緣人
但這學期開始 開始感到很孤單
常常一天講不到幾句話 也找不到人聊天
開始渴望下課有人一起聊天一起吃飯
所以開始會拾起微笑 主動找人搭話
不過卻發現
變得很不會和人互動
以前的幽默感也沒了 聊起天來變嚴肅
常常找不到話題 容易乾掉
可是我真的好想交朋友喔嗚嗚嗚嗚
好難融入大家<U+0001F622><U+0001F622><U+0001F622><U+0001F62D>",個人
讓人變快樂的影片,"最近比較容易憂鬱
但家裡實在亂到不行<U+22EF>
所以希望在整理家裡的時候
可以順便看一些讓自己快樂起來的影片
不論是好笑或是幫助轉念的都可以
謝謝大家！",個人
某遠傳直營店員無良行為,"文長，請見諒。

<U+26A0><U+FE0F>申明：此篇沒有要大家肉搜！也沒有想要得到任何賠償！什麼都不需要！




月初我的親弟弟因為車禍離世了
接下來我們家要開始幫他處理後續一些問題

他在遠傳有辦門號，因為我們都要上班的關係，我媽想說她一個人可以，就自己去遠傳處理我弟解約的後續問題

（各大電信都這樣，之前我媽也是被別間電信無良的門市人員騙，簽了莫名其妙的合約，雖然被騙，但因為媽媽本人簽名，我們只能自認倒霉，這邊就先不討論，所以之前講跟我媽說好，以後任何問題都不要馬上做決定，一定要問過我們！）

我媽去到某直營店堙A問說兒子過世，手機合約要怎麼處理，一位櫃台小姐就說幫我媽查詢，
查完了跟我媽說，因為我弟弟才剛辦一支新門號不久，費率是1399的，也有拿手機，這樣違約金很高喔！有死亡證明嗎？有的話，就可以幫您把這些合約通通取消，然後因為違約金很高，所以跟您說一下，我剛幫您算了最划算的方法，就是您這邊辦一個1399的費率，綁約4年！（這邊我不太確定，但就是要我媽辦一個高費率的合約）然後我們這邊會再送您一支手機！

因為我有跟我媽說過千萬不要馬上做任何決定，所以這時候，我媽打給我，跟我講大概狀況，我因為在上班，越聽越怪異，我就說，沒關係，請櫃檯小姐，把所有合約跟違約金明細還有他說比較划算的方式都列下來，我們回家討論，看是要直接付違約金還是像他說的一樣再辦一個門號

因為我們根本不懂，而且我弟是意外身故，不是我們不願意負擔違約金，也不是我們不願意履行合約，只是要處理問題而已

而且有死亡證明他說可以通通取消，為什麼還要逼我媽再辦一個門號？


重點來了

隔天我上班中接到我妹的電話
（我們家有三個孩子，我最大，再來我妹，我弟最小）
他跟我說，他剛剛聽了媽媽說的 覺得很奇怪，因為工作這幾天比較忙碌，我原本就打算這幾天跟家人們好好討論此事，結果隔天我妹就直接撥客服去詢問弟弟過世這狀況要怎麼處理，
<U+26A0><U+FE0F>結果！根本只要準備死亡證明就可以通通註銷！根本不需要負擔違約金！也不用辦什麼門號！！！

某遠傳直營店某員工告訴我媽！因為兒子才剛辦門號！違約金很高！準備好死亡證明就可以通通取消但要我媽辦一個1399高費率的門號，還會送一支手機，這樣比較划算！
他竟然跟我媽說這樣比較划算！
而且！我媽說她回家跟女兒討論一下，對方竟然跟我媽說你今天問了就要馬上處理！根本沒有要讓我媽回家討論的空間！
是因為剛好有人要繳費，我媽跟女店員說你先幫他處理，我媽才得以脫身！！！

我真的越聽越生氣
今天我們是失去我們的至親，我媽失去的是她一手拉拔長大的兒子，你怎麼可以，為了業績，這種無良的事情都做得出來？

然後我妹問完客服後，帶著我媽去別間遠傳，一樣對店員做跟上次「一模一樣」的詢問，對方什麼也沒說，就直接請我們出示死亡證明，直接幫我們全部註銷，並告知我們這樣就可以了。

後來對方打電話給我妹，跟我妹一再地道歉，但是他的道歉我們都完全無法接受

我們一件事一件事跟他核對

他說當天人很多，媽媽來，告知狀況後，他查了一下，告訴我媽因為弟弟剛辦一支門號，所以違約金這樣會很高，他就幫我媽想了一個比較划算的方式

我就問他：附上死亡證明就可以註銷的東西，為什麼要騙我媽辦門號？你就是為了業績不是嗎？

他完全不承認，他說因為當天人很多，他承認他不懂這樣要怎麼處理，他也沒問他主管，他就自作主張的這麼做了！

我再問他為什麼強迫我媽當下做決定？
他馬上否認說沒有，我媽東西也沒帶齊，當下也無法處理
（這部分因為我不在現場，只能各說各話）

最後重點，我們希望他能將心比心，如果自己的至親過世，還要被別人這樣騙錢，他能接受嗎

他就是一直道歉，也不承認自己在騙，一直說他自己專業知識不足

一個在直營店上班的員工，當顧客已經告知親人過世，如果你今天專業知識不足為什麼不用跟主管稟報？可以這樣擅自決定要求顧客再辦一個新門號？

我們有請客服幫我們處理，當店店長也打電話再度致歉，我們都接受，但唯獨不接受那位某員工一直強調自己專業知識不足！

說出口的每一句話都要為自己負責，單純專業知識不足還是因為貪念想趁機騙業績這只有他自己心裡才知道


今天把這件事po上來是要告訴大家，千萬不要讓自己的長輩去獨自處理一些有合約、或者較大的事情，也想讓大家知道，連這麼嚴重的事情都會有人騙！經由我們的經驗分享，也希望大家不要被騙！

這件事不是遠傳的問題，因為一樣是遠傳直營，另一間店就照正常的流程走，所以請不要針對遠傳，我相信到哪裡都會有這種事情發生，不論是其他電信、或其他業種，因為親身發生，才知道這世上真的什麼人都有

（而且我這邊要申明，遠傳的電話客服真的做得很好，事件追蹤跟後續處理都有認真幫我們處理）

我不知道那位小姐會不會看到這篇文章，我只想說，人在做天在看，希望藉由此次事件，能讓你學會，不要為了業績，連基本的道德都弄丟了

最後我要再次重申，沒有要任何賠償也沒有要大家去找是誰，只是希望大家能凡事小心。",生活
日夜擔心女友會離開,"我很矮，臉也不是特別好看，沒有錢沒有才華，也不有趣，但我自認還蠻關心女友的，畢竟這是我唯一可以給自己的肯定。

我對感情患得患失的，
常常擔心自己哪裡讓女友不喜歡了，
很在意他的小表情，
也沒有人可以給我什麼建議......開導我",感情
主揪心很累,"嗯<U+22EF>
當主揪就是有可能會
被眾人已讀或不讀（所以我看起來是來進班宣傳的就對了(<U+25D0><U+203F><U+25D1>)<U+FEFF>
https://i.imgur.com/5Wcijtv.jpg
扛下大部分的時間和地點規劃
（我實在想到絞盡腦汁ㄌ<U+22EF><U+22EF>）
https://i.imgur.com/njdbK0W.jpg
培養極高的耐心與心臟強度
在被臨時放鳥或問問題沒人回的時候
https://i.imgur.com/mB0cnCt.jpg
&得到一些塑膠朋友和塑膠群組：）
然後不好玩還有可能聽到朋友的抱怨<U+22EF><U+22EF>
最後還有每次都會有一堆不確定喔跟臨時不行的鄉親朋友們：D
https://i.imgur.com/9gruPO8.jpg
但雖然知道主揪很累但每次不知道為何如此迷幻的都會當上主揪<U+22EF>（可能我不揪就散了吧<U+0295> •<U+1D25>•<U+0294>

你各位 主揪很辛苦的<U+0CA5>_<U+0CA5>請大家如果還有心想維繫這份感情，多給群組跟主揪一些關愛 
多說一句話，世界會更美好ˊ_>ˋ",個人
遇到奇怪的人，這樣回嗆滿開心的,"廢話不多說直接送上對話內容，不知道大家有沒有玩過rooit，對方就這麼剛好自己要選軟爛<U+0001F414>我有什麼辦法<U+0001F602><U+0001F602><U+0001F602>

https://i.imgur.com/5cFb58c.jpg
https://i.imgur.com/g5mlXVM.jpg
https://i.imgur.com/D0Kgx3G.jpg
回個大笑臉可以在那邊說人家騷來騷去，還去喝茶咧<U+0001F375>，看了就覺得傻眼喵喵<U+0001F431>，回完趕快離開還滿爽的<U+0001F923><U+0001F923><U+0001F923>",感情
心情五味雜陳,最近快年底了，畢業後工作四個月，待業兩個月，前幾天接到面試通知，今天剛好要面試，但是一早醒來滿滿的無力感，心情頗遭的，確切來說是煩悶的心情+焦慮，好怕面試的時候會失敗，有辦法能在短時間稱整好心情的方法嗎？,職場
#詢問 文章被刪除,"-更
記者速度好快已經被當作新聞稿發出了
大家真的小心點啊
https://i.imgur.com/oOO2Hix.jpg
.
以下原文
.
不好意思想請問一下 這篇文怎麼被刪掉了…
剛看到一個人心惶惶，還沒看完就自動跳出了
重新搜尋了一下發現文章被刪除…？
請問原Po是發生了甚麼事情嗎…？
這篇文真的不用刪除 可以拿來警醒大家阿<U+0001F631>
https://i.imgur.com/6pcMslo.jpg

原文網址（深卡備份）
https://www.dcard.tw/f/all/p/235061881",生活
討厭的側臉....,"https://i.imgur.com/MJ3ILvl.jpg
我正臉長的不難看 可以看到側臉就是長的這樣
我是想整形 但是我有兩顆暴牙 想說如果之後戴牙套 上顎看起來是不是不會那麼突出了 還有我的下巴真的很尖 超級討厭的.......整形要花很多錢..........側臉真他媽醜到爆 還有我的正臉超級平的........真的好想變帥",個人
我弟被霸凌,我弟弟在班被一群惡霸欺負，不是整天巴他頭就是叫他廢物，過了一個禮拜我弟弟回家跟我說，我也把他打一頓，問他知道為什麼我打你嗎？他說不知道，我說因為你不會環手，於是他隔天把兩個人頭打破，現在我被我媽罰跪在神明廳兩小時了。,family
不孝…？,"說真的 
我媽就是有躁鬱症、焦慮症…很多精神上的疾病 
然後我媽時不時把以前舊帳翻出來一直講 然後還可以講得特別難聽的那種 例如：雞x毛、XX娘…等
反正就很難聽 難聽到你可能在吃飯時都不想吃了
因為我媽很討厭我爸那邊的親戚(阿嬤阿伯他們)
每次都說差不多的東西 
反正意思總是說不要靠近他們
可是每次意思都要講得多爛多難聽 例如:那個老東西給過我們一根雞X毛喔 
我每次聽到這些話真的很無奈 也叫她不要講了 然後每次我說不要再講了她都只是越來越激動 然後我就又哭了 因為我每次好好講 她一樣用吼的 然後我吼回去 又換罵我 例如:生妳下來根本沒有用、吃X來的……等 反正一樣很難聽 
不然就是她在開始唸時 我就趕快躲房間或不理她
她一樣也在那不爽 真的不知道我到底該怎麼辦

以上看到的其實也只是小事 
其實這種事已經不是發生一次兩次
而且是幾乎每個月來個10幾次
而且是我從小看到大 
然後直到我有生之年開始有主見時 換我被衝擊
我爸也真的很厲害可以忍她10幾年
每次吵完隔天她可能就跟我講話
然後我又要假裝沒吵過架
其實我心裡真的積很久了…
真的很想離開…可是放不下我爸在家
因為我爸洗腎 前陣子又開心臟 視力又缺陷
我總不可能把爸爸單獨放他在我媽身旁吧…
因為我印象很深刻
在我4歲左右 我媽拿著刀威脅我爸(忘記當時吵什麼
然後到我越來越大 反而會來跟我拳打腳踢(還好以前練體育 不然我可能直接被打死吧）
而且每次都是她自己攻擊我 然後我爸拉開了 又說是我打她…
有次更誇張 那次是我傷比較重的一次 胸口還內傷 右手手腕附近骨頭移位 然後右手留血(流血因為我媽指甲很長 直接抓到真皮) 後來我就打給我一個從國小到現在還有在聯絡的朋友 她家就借我躲了幾天 
然後因為我沒滿18 然後她媽就試著跟我媽溝通
可是溝通完過2個月後還是又打回原狀…",family
小偷,"小偷偷東西被當場抓到
啊當下要錄影和拍照留證據
他一直遮鏡頭 說不要拍 說他有肖像權？
然後反拿手機出來亂拍別人？
所以他可以亂偷東西？
之後被抓如果沒這些證據不就被他顛倒是非？
合理的蒐證這個小偷到底在神經什麼？
今天別人連自保留證據的行為 都可以被惡意阻攔
這些做壞事的不要太猖狂欸
有天報應會降臨的",生活
幸好撐過去了啊,"看到這篇文覺得既視感好重。

從小到大都胖，但是因為小一小二夠強悍，
基本上沒被人欺負過，
但是小三轉學之後的陌生感，我在班上很安靜，
安靜到別人都覺得我好欺負。

那時候不懂，我明明什麼都沒做，
為什麼我只是靠在圍牆旁都有人要拿馬桶刷沾著馬桶水往我身上甩，
我也不懂，我都不知道什麼叫做氣喘，
為什麼班上同學都說我有氣喘不讓我參與體育課，
直到我再轉學後告訴老師我有氣喘不能打球，
老師才納悶的告訴我原來我沒有這個疾病。

就算到上了國中，也是很常明明什麼都沒做，
只是走廊上經過而已，也總有同學嘲笑地板在震動。

那時候都覺得自己的存在是錯誤的，
只有拔河比賽的時候貌似有那麼點存在感。



曾經有一次真的自殺，卻沒成功。


後面也不敢再死一次，
因為原來我的家人會為我哭泣。
 


現在我蠻好的，高中之後立志找回那股強悍，
後面也努力減肥瘦下來，
幸好，我撐下來了。

還遇到愛我的老公，果然真的要好好活著，
才會知道上帝沒有遺忘我。",個人
被麥當勞報報騙了,"https://i.imgur.com/sO4lxgs.jpg
......各位有被騙的+1

以為是有人發文

想說是不是出了新東西

結果點進去一直跳視窗出來

還點了兩次

沒想到是廣告啊......<U+0001F972><U+0001F972>",生活
如果可以，我好想趕快結束這一生,"不曉得從什麼時候開始，我開始恐慌去上班，工作內容其實很簡單，也不是學不會，但每次要上班時候，我就開始反胃、想吐，三個月來我換了三份工作，工作內容越來越簡單，可是卻還是止不住那個排山而來的壓力

今天我進了身心科診所，吃了一堆醫生開的藥，朋友建議我聽聽讚美之泉（基督教音樂），試圖讓自己放鬆些，可是我還是覺得我快承受不住，我也越來越討厭現在的自己，好手好腳不去工作，但並不是不想去，而是心中一直有關卡過不去，我到底該怎麼辦",職場
我們都被尿出來的<U+0001F4A6>?!,"昨天下午去某間國小旁邊買雞蛋糕，聽見兩個小學生互開玩笑互罵的說

""你從你媽屁眼生出來的啦""

""你才是你爸尿出來的!!!""

https://i.imgur.com/Re1sggK.jpg


我聽到後覺得現在小學性教育都這樣的嗎 那麼開放!

我跟雞蛋糕阿姨只能尷尬又不失禮貌的互相微笑<U+0001F447><U+0001F3FB>

https://i.imgur.com/isMcikO.jpg


但是我們都是被尿出來的，好像挺合理的?!~",生活
家人只是多了一層血緣關係而已,"#DISALLOW深卡 
#PRIVATE_CONTENT
#勿上臉書

爸媽在我小時候就離婚了
我媽最近跟我說
她跟現在男友已經認識17年 在一起10年 
他到現在都還不知道我媽生過小孩

我爸四年前跟一個女的在一起 
後來懷孕 兩人決定要生
但他們在生活各層面都沒有取得共識
常常在小孩面前大小聲 
女的感覺一直想從我爸身上拿錢 把小孩當作籌碼 （事實上也真的拿到一筆錢了 ）
我爸把他的大男人主義 對女生的看法灌輸在小孩身上 

不是只有+9會讓孩子不幸
活到快半百的人了 
決定生下小孩後 也沒那個能力讓他有個健全的生長環境
看著這個小孩走著我以前走過的路
我沒那個能力阻止也無法改變",family
收到不會感到負擔的生日禮物請益,"有個男性朋友的生日快到了，想送他禮物但不想讓對方有壓力，所以想送個不會太貴但又實用的小東西
目前有想到的是票卡夾、手機殼
想請問大家有沒有其他推薦的東西∼∼萬分感謝<U+0001F64F>
（ps 對方是理工男）",感情
我想跟你談談,"：你什麼時候有空，我想跟你談談
不知道當大家看到有人傳訊息說要跟你談談時
看到訊息的當下會有什麼想法？

自從當上學會幹部後，常常需要跟活動夥伴或是系上老師溝通，所以每次遇到有人傳訊息說要談談時，總會有點擔心，開始想很多，然後心情有點複雜，可是詢問過後有什麼事，對方又講得很含糊，甚至要當面說，不知道大家都怎麼排解這種情緒或是遇到這種訊息時怎麼應對？",學校
《一鍵復活你最愛的人 你願意嗎》,"一個按鈕，復活一個你最愛的人

這有什麼好討論的？本能啊！

但是因為是我最愛的人，


所以我要去思考一下，

他們用哪種方式回來？

一個得了絕症，痛苦離世的病人，他能否健康的回來？

一個壽終正寢的老人，他能否年輕的回來？

一個窮凶惡極的罪人，他能否忘卻前塵、善良的回來？

都沒有說

它直接把一個最甜美的結果放到我的面前

你最愛的人 拍下去 他就能回來，

這個時候，我想起別人對我的一句忠告，

「往往 最誘惑你的選擇， 

不是上帝給你的機會 而是惡魔給你的考題。」


今天這道題 要怎麼解？

他要問我的 是我要復活我的最愛嗎？

不！

他要問我的 是我能否接受別人的離開

地球，是甚麼樣的星球？

這個世界有新的人來，也有的人離開。

有的人是被迫離開，他尊重其爬星球的規則。

有的人是自願離開，他堅守的是自己內心的選擇。

有的人要到外面的世界去打怪，在那個世界山到頂峰，有一座最佳女主角的獎盃。

有的人選擇去旅行，他的目的地 叫星辰和大海。

有的人 都已經離開這個星球 卻還是在別的宇宙中心呼喚愛，而有的人還在。

海賊王的布魯克，用他的一生時間去創造一場

在他腦海裡粉紅色的雪，


身邊的人笑他 瘋了 痴了 傻了 

但在他臨死之前他成功了，他讓全世界都看到了

那一場粉紅色的雪。

臨死前他告訴喬巴

子彈射穿胸膛不會死 ，

得了絕症不會死 ，

只有被遺忘，才是真正的死亡。

那些你們曾經深愛過的人啊

那些離開你們的人啊

他們不會死 因為他們都曾經，

在你們心裡為你們下過一場粉紅色的雪。

轉　奇葩說　看到有感而發

說說甚麼樣得情況會讓你做出選擇。",個人
請問Uber大大,"請問今天跑達標獎勵！
是怎麼算的？謝謝。

因為今天跑約20趟，只收到300
100 沒有收到。 

https://i.imgur.com/VgJ8fVR.jpg",個人
